{
  "version": "2020.2",
  "applications": [],
  "platforms": [
    {
      "name": "FinalProject"
    }
  ],
  "systems": [
    {
      "name": "AudioSoftware_system",
      "platform": "C:/Users/Christopher/Desktop/FinalProject/ENSC_452/AudioLabReal/FinalProject/export/FinalProject/FinalProject.xpfm",
      "sysConfig": "FinalProject",
      "buildConfig": "Debug",
      "applications": [
        {
          "name": "VideoSW",
          "platform": "C:/Users/Christopher/Desktop/FinalProject/ENSC_452/AudioLabReal/FinalProject/export/FinalProject/FinalProject.xpfm",
          "platformPath": "C:\\Users\\Christopher\\Desktop\\FinalProject\\ENSC_452\\AudioLabReal\\FinalProject\\export\\FinalProject",
          "sysConfig": "FinalProject",
          "domain": "standalone_ps7_cortexa9_1",
          "system": "AudioSoftware_system"
        },
        {
          "name": "AudioSW",
          "platform": "C:/Users/Christopher/Desktop/FinalProject/ENSC_452/AudioLabReal/FinalProject/export/FinalProject/FinalProject.xpfm",
          "platformPath": "C:\\Users\\Christopher\\Desktop\\FinalProject\\ENSC_452\\AudioLabReal\\FinalProject\\export\\FinalProject",
          "sysConfig": "FinalProject",
          "domain": "standalone_domain",
          "system": "AudioSoftware_system"
        }
      ],
      "platformPath": "C:\\Users\\Christopher\\Desktop\\FinalProject\\ENSC_452\\AudioLabReal\\FinalProject\\export\\FinalProject"
    }
  ],
  "others": []
}